[
  {
    "id": "5ea16acf-a152-482a-b519-6338d791af49",
    "data": [
      {
        "text": "one",
        "alias": "response",
        "meta": "@response",
        "userDefined": false
      }
    ],
    "isTemplate": false,
    "count": 0,
    "updated": 0
  },
  {
    "id": "3732f18e-3bbb-4a7a-ab61-487f2086502f",
    "data": [
      {
        "text": "second",
        "alias": "response",
        "meta": "@response",
        "userDefined": true
      }
    ],
    "isTemplate": false,
    "count": 0,
    "updated": 0
  }
]