[
  {
    "id": "ac2e2833-c728-4775-8f42-74b37f2029ff",
    "data": [
      {
        "text": "one",
        "alias": "response",
        "meta": "@response",
        "userDefined": false
      }
    ],
    "isTemplate": false,
    "count": 0,
    "updated": 0
  },
  {
    "id": "4867a58f-7b56-459e-972e-7c60b8060c4f",
    "data": [
      {
        "text": "association",
        "alias": "interrogate",
        "meta": "@interrogate",
        "userDefined": false
      }
    ],
    "isTemplate": false,
    "count": 0,
    "updated": 0
  },
  {
    "id": "db2db6e9-ad9d-4cbc-9c5e-619094f391d3",
    "data": [
      {
        "text": "rebellion",
        "alias": "interrogate",
        "meta": "@interrogate",
        "userDefined": false
      }
    ],
    "isTemplate": false,
    "count": 0,
    "updated": 0
  },
  {
    "id": "51bce986-e71f-40e9-b215-8679d92798f2",
    "data": [
      {
        "text": "pigeon",
        "alias": "interrogate",
        "meta": "@interrogate",
        "userDefined": false
      }
    ],
    "isTemplate": false,
    "count": 0,
    "updated": 0
  }
]