[
  {
    "id": "21a28705-cb76-4383-897d-9dee88a0720d",
    "data": [
      {
        "text": "third",
        "alias": "response",
        "meta": "@response",
        "userDefined": false
      }
    ],
    "isTemplate": false,
    "count": 0,
    "updated": 0
  },
  {
    "id": "f6216ff5-5369-43b8-b3a6-af540c842ece",
    "data": [
      {
        "text": "one",
        "alias": "response",
        "meta": "@response",
        "userDefined": false
      }
    ],
    "isTemplate": false,
    "count": 0,
    "updated": 0
  }
]