[
  {
    "id": "319f5f3c-644f-4b68-ae64-1312a0ee3f62",
    "data": [
      {
        "text": "no",
        "alias": "binarr",
        "meta": "@binarr",
        "userDefined": false
      }
    ],
    "isTemplate": false,
    "count": 0,
    "updated": 0
  },
  {
    "id": "23cdcaa5-3c3a-422a-ba16-248f3f344122",
    "data": [
      {
        "text": "aye",
        "alias": "binarr",
        "meta": "@binarr",
        "userDefined": false
      }
    ],
    "isTemplate": false,
    "count": 0,
    "updated": 0
  }
]