[
  {
    "id": "b6cde53f-7630-4898-97f3-82ee82a8bd6d",
    "data": [
      {
        "text": "no",
        "alias": "binarr",
        "meta": "@binarr",
        "userDefined": false
      }
    ],
    "isTemplate": false,
    "count": 0,
    "updated": 0
  },
  {
    "id": "dccf2526-6313-4fd3-b4c4-e506b04a1be9",
    "data": [
      {
        "text": "yes",
        "alias": "binarr",
        "meta": "@binarr",
        "userDefined": false
      }
    ],
    "isTemplate": false,
    "count": 0,
    "updated": 0
  }
]