[
  {
    "id": "ccaa59df-a176-4239-afd7-208684a4e4d0",
    "data": [
      {
        "text": "editing office",
        "userDefined": false
      }
    ],
    "isTemplate": false,
    "count": 0,
    "updated": 0
  },
  {
    "id": "4dbf1ef2-6d53-4b2b-a62b-41a32ccb5e1d",
    "data": [
      {
        "text": "office",
        "userDefined": false
      }
    ],
    "isTemplate": false,
    "count": 0,
    "updated": 0
  },
  {
    "id": "0c5056fd-d946-4ad6-bdb9-1be7f2a35b87",
    "data": [
      {
        "text": "telegram",
        "userDefined": false
      }
    ],
    "isTemplate": false,
    "count": 0,
    "updated": 0
  }
]