[
  {
    "id": "0c048391-0175-4f82-ae4e-f1c244f074da",
    "data": [
      {
        "text": "first",
        "alias": "response",
        "meta": "@response",
        "userDefined": true
      }
    ],
    "isTemplate": false,
    "count": 0,
    "updated": 0
  },
  {
    "id": "c97e173e-f8f7-4f8b-b9f6-536eca36f283",
    "data": [
      {
        "text": "nope",
        "alias": "binarr",
        "meta": "@binarr",
        "userDefined": false
      }
    ],
    "isTemplate": false,
    "count": 0,
    "updated": 0
  },
  {
    "id": "1ddc9ac1-05d7-4d5c-88d4-0949d6e80ddc",
    "data": [
      {
        "text": "yeah",
        "alias": "binarr",
        "meta": "@binarr",
        "userDefined": true
      }
    ],
    "isTemplate": false,
    "count": 0,
    "updated": 0
  }
]