[
  {
    "id": "bde8b73e-636d-4bca-adf6-34ee80e4dce2",
    "data": [
      {
        "text": "one",
        "alias": "response",
        "meta": "@response",
        "userDefined": false
      }
    ],
    "isTemplate": false,
    "count": 0,
    "updated": 0
  },
  {
    "id": "e46521db-9318-4a10-8c5f-c88a39e3073a",
    "data": [
      {
        "text": "yeah",
        "alias": "binarr",
        "meta": "@binarr",
        "userDefined": true
      }
    ],
    "isTemplate": false,
    "count": 0,
    "updated": 0
  }
]