[
  {
    "id": "26e0f224-d6b4-4375-89cd-1de7b93e561f",
    "data": [
      {
        "text": "yes",
        "alias": "binarr",
        "meta": "@binarr",
        "userDefined": true
      }
    ],
    "isTemplate": false,
    "count": 0,
    "updated": 0
  },
  {
    "id": "43b5f1cd-2169-4091-9e1b-794fe9a5911a",
    "data": [
      {
        "text": "nope",
        "alias": "binarr",
        "meta": "@binarr",
        "userDefined": true
      }
    ],
    "isTemplate": false,
    "count": 0,
    "updated": 0
  }
]