[
  {
    "id": "e7d3140e-4a50-451b-abdc-7243d50e8a34",
    "data": [
      {
        "text": "else",
        "alias": "ent19_3",
        "meta": "@ent19_3",
        "userDefined": false
      }
    ],
    "isTemplate": false,
    "count": 0,
    "updated": 0
  },
  {
    "id": "ea4091ed-e270-4c64-84f3-d507a221dff0",
    "data": [
      {
        "text": "information",
        "alias": "ent19_3",
        "meta": "@ent19_3",
        "userDefined": false
      }
    ],
    "isTemplate": false,
    "count": 0,
    "updated": 0
  }
]