[
  {
    "id": "57622089-5442-47b9-a653-197d7557862a",
    "data": [
      {
        "text": "cab rides",
        "alias": "ent1_3",
        "meta": "@ent1_3",
        "userDefined": false
      }
    ],
    "isTemplate": false,
    "count": 0,
    "updated": 0
  },
  {
    "id": "015d3baa-4ed2-4c64-b71d-5605aeceb32b",
    "data": [
      {
        "text": "two",
        "alias": "response",
        "meta": "@response",
        "userDefined": false
      }
    ],
    "isTemplate": false,
    "count": 0,
    "updated": 0
  }
]