[
  {
    "id": "bf9ee567-990b-4f32-92ac-4baef0ebbae9",
    "data": [
      {
        "text": "pleased",
        "alias": "ent1_4",
        "meta": "@ent1_4",
        "userDefined": false
      }
    ],
    "isTemplate": false,
    "count": 0,
    "updated": 0
  },
  {
    "id": "28324366-b228-4abe-8ce2-b695eac3c30b",
    "data": [
      {
        "text": "second",
        "alias": "response",
        "meta": "@response",
        "userDefined": false
      }
    ],
    "isTemplate": false,
    "count": 0,
    "updated": 0
  }
]