[
  {
    "id": "8eff4614-a3df-4a96-b09f-32f8c63a6a14",
    "data": [
      {
        "text": "two",
        "alias": "response",
        "meta": "@response",
        "userDefined": false
      }
    ],
    "isTemplate": false,
    "count": 0,
    "updated": 0
  },
  {
    "id": "3d5ef8fc-abfb-4481-ba98-cdd6c74e18a2",
    "data": [
      {
        "text": "first",
        "alias": "response",
        "meta": "@response",
        "userDefined": false
      }
    ],
    "isTemplate": false,
    "count": 0,
    "updated": 0
  }
]