[
  {
    "id": "0bb1bfef-9d80-4f5c-bf7e-dbd63a3e24fb",
    "data": [
      {
        "text": "pigeon",
        "alias": "ent24",
        "meta": "@ent24",
        "userDefined": false
      }
    ],
    "isTemplate": false,
    "count": 0,
    "updated": 0
  },
  {
    "id": "2e584cef-a778-4568-81b5-3ed6ac06881b",
    "data": [
      {
        "text": "one",
        "alias": "response",
        "meta": "@response",
        "userDefined": true
      }
    ],
    "isTemplate": false,
    "count": 1,
    "updated": 0
  }
]