[
  {
    "id": "739fd4e4-efbc-47c0-bb61-611f43407d40",
    "data": [
      {
        "text": "one",
        "alias": "response",
        "meta": "@response",
        "userDefined": true
      }
    ],
    "isTemplate": false,
    "count": 0,
    "updated": 0
  },
  {
    "id": "496d20f9-5fca-423e-8231-4d3f6d1cbb21",
    "data": [
      {
        "text": "pigeon",
        "alias": "ent24",
        "meta": "@ent24",
        "userDefined": true
      }
    ],
    "isTemplate": false,
    "count": 0,
    "updated": 0
  }
]