[
  {
    "id": "43d98aba-af38-46e6-b757-64e4df891d1d",
    "data": [
      {
        "text": "one",
        "alias": "response",
        "meta": "@response",
        "userDefined": true
      }
    ],
    "isTemplate": false,
    "count": 0,
    "updated": 0
  },
  {
    "id": "d4f2debe-ec7d-400f-b92c-df53b750721e",
    "data": [
      {
        "text": "pigeon",
        "alias": "ent24",
        "meta": "@ent24",
        "userDefined": false
      }
    ],
    "isTemplate": false,
    "count": 0,
    "updated": 0
  }
]