[
  {
    "id": "6784cc26-576c-4db5-9ee5-ced19e9ae4f2",
    "data": [
      {
        "text": "one",
        "alias": "response",
        "meta": "@response",
        "userDefined": true
      }
    ],
    "isTemplate": false,
    "count": 0,
    "updated": 0
  },
  {
    "id": "6f0d95e9-b4e6-4fcc-8ab2-87ac1d62605e",
    "data": [
      {
        "text": "pigeon",
        "alias": "ent24",
        "meta": "@ent24",
        "userDefined": true
      }
    ],
    "isTemplate": false,
    "count": 0,
    "updated": 0
  }
]