[
  {
    "id": "ee5d3faa-2f0f-43b2-92d5-57995fc9d984",
    "data": [
      {
        "text": "when",
        "alias": "kuskikys",
        "meta": "@kuskikys",
        "userDefined": false
      }
    ],
    "isTemplate": false,
    "count": 0,
    "updated": 0
  },
  {
    "id": "218a9622-d1d4-487b-9d82-a5c2a21bd0c2",
    "data": [
      {
        "text": "second",
        "alias": "response",
        "meta": "@response",
        "userDefined": false
      }
    ],
    "isTemplate": false,
    "count": 0,
    "updated": 0
  },
  {
    "id": "6ae7e918-7268-4461-b519-eaec8c8cbbb7",
    "data": [
      {
        "text": "one",
        "alias": "response",
        "meta": "@response",
        "userDefined": false
      }
    ],
    "isTemplate": false,
    "count": 0,
    "updated": 0
  },
  {
    "id": "60dbd9cb-ca07-4c06-a599-c9f10aef26d5",
    "data": [
      {
        "text": "how",
        "alias": "kuskikys",
        "meta": "@kuskikys",
        "userDefined": true
      }
    ],
    "isTemplate": false,
    "count": 0,
    "updated": 0
  },
  {
    "id": "d659bf07-eebe-4e32-be76-84d70a1e2c4b",
    "data": [
      {
        "text": "why",
        "alias": "kuskikys",
        "meta": "@kuskikys",
        "userDefined": true
      }
    ],
    "isTemplate": false,
    "count": 0,
    "updated": 0
  }
]