[
  {
    "id": "8e781d74-3b22-4c9c-94b8-08e5d7db228f",
    "data": [
      {
        "text": "see",
        "alias": "kuskikys",
        "meta": "@kuskikys",
        "userDefined": false
      }
    ],
    "isTemplate": false,
    "count": 0,
    "updated": 0
  },
  {
    "id": "38fe97b9-0d67-48eb-a142-55c63e639947",
    "data": [
      {
        "text": "when",
        "alias": "kuskikys",
        "meta": "@kuskikys",
        "userDefined": false
      }
    ],
    "isTemplate": false,
    "count": 0,
    "updated": 0
  },
  {
    "id": "67b89890-baf0-45d8-b333-fd23af572ebe",
    "data": [
      {
        "text": "second",
        "alias": "response",
        "meta": "@response",
        "userDefined": false
      }
    ],
    "isTemplate": false,
    "count": 1,
    "updated": 0
  },
  {
    "id": "22d409d2-1873-47ed-8dbd-487dd5db9a1c",
    "data": [
      {
        "text": "one",
        "alias": "response",
        "meta": "@response",
        "userDefined": false
      }
    ],
    "isTemplate": false,
    "count": 0,
    "updated": 0
  }
]