[
  {
    "id": "3ac31624-1b7c-4daa-8b78-fa6ce98d2b27",
    "data": [
      {
        "text": "Three",
        "alias": "number",
        "meta": "@sys.number",
        "userDefined": true
      },
      {
        "text": " hands.",
        "userDefined": false
      }
    ],
    "isTemplate": false,
    "count": 0,
    "updated": 0
  },
  {
    "id": "28047bd5-c72c-4faf-a849-21931297d071",
    "data": [
      {
        "text": "There was ",
        "userDefined": false
      },
      {
        "text": "two.",
        "alias": "number",
        "meta": "@sys.number",
        "userDefined": true
      }
    ],
    "isTemplate": false,
    "count": 0,
    "updated": 0
  },
  {
    "id": "31d17d84-5294-4811-9c15-e2cd5b741c84",
    "data": [
      {
        "text": "one",
        "alias": "number",
        "meta": "@sys.number",
        "userDefined": true
      }
    ],
    "isTemplate": false,
    "count": 0,
    "updated": 0
  }
]