[
  {
    "id": "6d7fab52-53a1-4048-8579-72e4263390ae",
    "data": [
      {
        "text": "Sixteen",
        "alias": "number",
        "meta": "@sys.number",
        "userDefined": true
      },
      {
        "text": " fingers.",
        "userDefined": false
      }
    ],
    "isTemplate": false,
    "count": 0,
    "updated": 0
  },
  {
    "id": "9986385a-32f6-4758-8fe5-a6f3d1135d3c",
    "data": [
      {
        "text": "There was ",
        "userDefined": false
      },
      {
        "text": "three",
        "alias": "number",
        "meta": "@sys.number",
        "userDefined": true
      }
    ],
    "isTemplate": false,
    "count": 0,
    "updated": 0
  },
  {
    "id": "beede1ab-6832-4053-865d-a9453362cecf",
    "data": [
      {
        "text": "one",
        "alias": "number",
        "meta": "@sys.number",
        "userDefined": true
      }
    ],
    "isTemplate": false,
    "count": 0,
    "updated": 0
  }
]