[
  {
    "id": "a23f3c5b-899c-4ee3-8ed5-1eb4328275f5",
    "data": [
      {
        "text": "second",
        "alias": "response",
        "meta": "@response",
        "userDefined": false
      }
    ],
    "isTemplate": false,
    "count": 0,
    "updated": 0
  },
  {
    "id": "7f5362cf-7382-4de4-b501-bea819db7217",
    "data": [
      {
        "text": "one",
        "alias": "response",
        "meta": "@response",
        "userDefined": false
      }
    ],
    "isTemplate": false,
    "count": 0,
    "updated": 0
  }
]