[
  {
    "id": "972936d0-3d02-4116-87c2-1423062dc8b4",
    "data": [
      {
        "text": "three",
        "alias": "response",
        "meta": "@response",
        "userDefined": false
      }
    ],
    "isTemplate": false,
    "count": 0,
    "updated": 0
  },
  {
    "id": "e7f38751-12ea-48a9-907b-98f1a624021a",
    "data": [
      {
        "text": "first",
        "alias": "response",
        "meta": "@response",
        "userDefined": false
      }
    ],
    "isTemplate": false,
    "count": 0,
    "updated": 0
  }
]