[
  {
    "id": "c3cadf4d-6914-4217-9f10-2d8f293e7b27",
    "data": [
      {
        "text": "docent magnus hammarström",
        "userDefined": false
      }
    ],
    "isTemplate": false,
    "count": 0,
    "updated": 0
  },
  {
    "id": "44ecfbf1-2cb5-4753-8873-8154d922d76c",
    "data": [
      {
        "text": "docent",
        "userDefined": false
      }
    ],
    "isTemplate": false,
    "count": 0,
    "updated": 0
  },
  {
    "id": "f71a0401-efcc-423d-9978-115e2c6501dc",
    "data": [
      {
        "text": "hammarström",
        "userDefined": false
      }
    ],
    "isTemplate": false,
    "count": 0,
    "updated": 0
  },
  {
    "id": "a22a737b-1cea-4e14-8481-e51c29ff5e15",
    "data": [
      {
        "text": "magnus hammarström",
        "userDefined": false
      }
    ],
    "isTemplate": false,
    "count": 0,
    "updated": 0
  },
  {
    "id": "1b2ffc11-dc46-4563-bda2-b5e3713e9527",
    "data": [
      {
        "text": "magnus",
        "alias": "given-name",
        "meta": "@sys.given-name",
        "userDefined": false
      }
    ],
    "isTemplate": false,
    "count": 0,
    "updated": 0
  }
]