[
  {
    "id": "ff1198b7-4666-4b33-bf0f-fcdc5f5b9477",
    "data": [
      {
        "text": "medical superintendent",
        "userDefined": false
      }
    ],
    "isTemplate": false,
    "count": 0,
    "updated": 0
  },
  {
    "id": "b8ee0e91-356a-4914-beb9-85898a1e2802",
    "data": [
      {
        "text": "professor fabritius",
        "userDefined": false
      }
    ],
    "isTemplate": false,
    "count": 0,
    "updated": 0
  },
  {
    "id": "0721fbc6-1821-4d06-b272-1457d1d463f5",
    "data": [
      {
        "text": "professor",
        "userDefined": false
      }
    ],
    "isTemplate": false,
    "count": 0,
    "updated": 0
  },
  {
    "id": "51284d41-1a7c-4f5c-b462-70412316693b",
    "data": [
      {
        "text": "fabritius",
        "userDefined": false
      }
    ],
    "isTemplate": false,
    "count": 0,
    "updated": 0
  }
]