[
  {
    "id": "a1ff30bb-3082-4fb1-b4b7-dbfd666f41cc",
    "data": [
      {
        "text": "nope",
        "alias": "binarr",
        "meta": "@binarr",
        "userDefined": false
      }
    ],
    "isTemplate": false,
    "count": 0,
    "updated": 0
  },
  {
    "id": "62bd8f95-a1e3-4f91-9db4-ff826c3058bc",
    "data": [
      {
        "text": "affirmative",
        "alias": "binarr",
        "meta": "@binarr",
        "userDefined": false
      }
    ],
    "isTemplate": false,
    "count": 0,
    "updated": 0
  },
  {
    "id": "73c9705c-3d15-40a6-b510-d0e7437dce19",
    "data": [
      {
        "text": "two",
        "alias": "response",
        "meta": "@response",
        "userDefined": false
      }
    ],
    "isTemplate": false,
    "count": 0,
    "updated": 0
  },
  {
    "id": "7cb915b1-dd3a-4030-9284-034ad7d72006",
    "data": [
      {
        "text": "one",
        "alias": "response",
        "meta": "@response",
        "userDefined": false
      }
    ],
    "isTemplate": false,
    "count": 0,
    "updated": 0
  }
]