[
  {
    "id": "ec517333-707c-4bed-8fa4-05a422fdc96a",
    "data": [
      {
        "text": "never",
        "alias": "binarr",
        "meta": "@binarr",
        "userDefined": false
      }
    ],
    "isTemplate": false,
    "count": 0,
    "updated": 0
  },
  {
    "id": "6abfd5f7-8397-4f6d-a4fb-11db15b3df53",
    "data": [
      {
        "text": "aye",
        "alias": "binarr",
        "meta": "@binarr",
        "userDefined": false
      }
    ],
    "isTemplate": false,
    "count": 0,
    "updated": 0
  },
  {
    "id": "d94bbf5b-ed27-4396-ab2d-e6ed58858c67",
    "data": [
      {
        "text": "two",
        "alias": "response",
        "meta": "@response",
        "userDefined": false
      }
    ],
    "isTemplate": false,
    "count": 0,
    "updated": 0
  },
  {
    "id": "17536714-e6ec-474b-b7e7-3b971b9d845d",
    "data": [
      {
        "text": "one",
        "alias": "response",
        "meta": "@response",
        "userDefined": false
      }
    ],
    "isTemplate": false,
    "count": 0,
    "updated": 0
  }
]