[
  {
    "id": "87de122d-b967-4ba3-a71e-cb3f85267d46",
    "data": [
      {
        "text": "police",
        "userDefined": false
      }
    ],
    "isTemplate": false,
    "count": 0,
    "updated": 0
  },
  {
    "id": "722bf7ad-367a-4447-a649-5c12fbb7cbc4",
    "data": [
      {
        "text": "investigation",
        "userDefined": false
      }
    ],
    "isTemplate": false,
    "count": 0,
    "updated": 0
  },
  {
    "id": "43a175ed-73fd-47db-90cb-d13802623bb0",
    "data": [
      {
        "text": "the police",
        "userDefined": false
      }
    ],
    "isTemplate": false,
    "count": 0,
    "updated": 0
  },
  {
    "id": "87e71a5a-3f0d-4faa-b8c8-5eba404b2af8",
    "data": [
      {
        "text": "Helsinki police",
        "userDefined": false
      }
    ],
    "isTemplate": false,
    "count": 0,
    "updated": 0
  }
]