[
  {
    "id": "91d36d65-70ca-4089-a4f5-3933f242a0f8",
    "data": [
      {
        "text": "second",
        "alias": "response",
        "meta": "@response",
        "userDefined": false
      }
    ],
    "isTemplate": false,
    "count": 0,
    "updated": 0
  },
  {
    "id": "01b1d6b0-3de9-43d5-b08f-3d836072fc11",
    "data": [
      {
        "text": "one",
        "alias": "response",
        "meta": "@response",
        "userDefined": false
      }
    ],
    "isTemplate": false,
    "count": 0,
    "updated": 0
  }
]