[
  {
    "id": "8ee68bd1-64cb-4030-b3e5-36a95b96e620",
    "data": [
      {
        "text": "third",
        "alias": "response",
        "meta": "@response",
        "userDefined": false
      }
    ],
    "isTemplate": false,
    "count": 0,
    "updated": 0
  },
  {
    "id": "7f996b5c-8bda-4ba9-bd8f-ad50d1a5fffb",
    "data": [
      {
        "text": "two",
        "alias": "response",
        "meta": "@response",
        "userDefined": false
      }
    ],
    "isTemplate": false,
    "count": 0,
    "updated": 0
  }
]