[
  {
    "id": "0404fab6-f8a6-47e2-8949-5d68c660a6a8",
    "data": [
      {
        "text": "yeah",
        "alias": "binarr",
        "meta": "@binarr",
        "userDefined": false
      }
    ],
    "isTemplate": false,
    "count": 1,
    "updated": 0
  },
  {
    "id": "fb11c5ff-0105-4372-8325-0b1711184904",
    "data": [
      {
        "text": "never",
        "alias": "binarr",
        "meta": "@binarr",
        "userDefined": false
      }
    ],
    "isTemplate": false,
    "count": 0,
    "updated": 0
  }
]