[
  {
    "id": "29e9eba7-7766-48a2-aae0-b759dc19d6ef",
    "data": [
      {
        "text": "tattari",
        "userDefined": false
      }
    ],
    "isTemplate": false,
    "count": 0,
    "updated": 0
  },
  {
    "id": "1702cb65-c419-49e2-bfa2-231009462b9f",
    "data": [
      {
        "text": "Start again",
        "userDefined": false
      }
    ],
    "isTemplate": false,
    "count": 1,
    "updated": 0
  },
  {
    "id": "089ed566-1695-423b-8133-c5d322bcd953",
    "data": [
      {
        "text": "From the beginning",
        "userDefined": false
      }
    ],
    "isTemplate": false,
    "count": 0,
    "updated": 0
  }
]