[
  {
    "value": "bus",
    "synonyms": [
      "a bus",
      "bus",
      "by bus",
      "take a bus",
      "take the bus",
      "the bus",
      "we\u0027ll take the bus"
    ]
  },
  {
    "value": "cab",
    "synonyms": [
      "by cab",
      "cab",
      "take the cab",
      "the cab",
      "we\u0027ll take the cab"
    ]
  },
  {
    "value": "carriage",
    "synonyms": [
      "by carriage",
      "carriage",
      "take a carriage",
      "take the carriage",
      "the carriage",
      "we\u0027ll take the carriage"
    ]
  }
]