[
  {
    "value": "do",
    "synonyms": [
      "do",
      "do this",
      "why did"
    ]
  },
  {
    "value": "long",
    "synonyms": [
      "going on",
      "how long",
      "long"
    ]
  },
  {
    "value": "part",
    "synonyms": [
      "how many",
      "part"
    ]
  },
  {
    "value": "pigeon",
    "synonyms": [
      "dead pigeon",
      "did you send",
      "pigeon",
      "send"
    ]
  },
  {
    "value": "pond",
    "synonyms": [
      "pigeons",
      "pond",
      "what were the pigeons"
    ]
  }
]