[
  {
    "value": "eight",
    "synonyms": [
      "eight",
      "eighth"
    ]
  },
  {
    "value": "five",
    "synonyms": [
      "fifth",
      "five"
    ]
  },
  {
    "value": "four",
    "synonyms": [
      "four",
      "fourth"
    ]
  },
  {
    "value": "one",
    "synonyms": [
      "first",
      "one"
    ]
  },
  {
    "value": "seven",
    "synonyms": [
      "seven",
      "seventh"
    ]
  },
  {
    "value": "six",
    "synonyms": [
      "six",
      "sixth"
    ]
  },
  {
    "value": "three",
    "synonyms": [
      "third",
      "three"
    ]
  },
  {
    "value": "two",
    "synonyms": [
      "second",
      "two"
    ]
  }
]